"ID","Genotype","Loc","Test","Year","Rep","Code","Plot","Yield","SDWT","SQ","LOD","HT","agscore","NIR_Number","Date","protein_dry_basis","oil_dry_basis"
"3*N18-1674*Jay Test 1*Cla*2020*1","N18-1674","CLA","Jay Test 1",2020,1,1,3,1255.8,15.6,2,3.5,38,2.5,"NIR-02116",2021-01-12,45.88,20.58
"39*N18-1674*Jay Test 1*Cla*2020*1","N18-1674","CLA","Jay Test 1",2020,2,1,39,1536.3,15.7,1.5,3,42,2.5,"NIR-02117",2021-01-12,44.57,21.15
"53*N18-1674*Jay Test 1*Cla*2020*1","N18-1674","CLA","Jay Test 1",2020,3,1,53,1238.1,14.8,1.5,NA,NA,2.5,"NIR-02118",2021-01-12,45.51,20.91
"71*N18-1674*Jay Test 1*Cla*2020*1","N18-1674","CLA","Jay Test 1",2020,4,1,71,1308.4,NA,1.5,NA,NA,3,"NIR-02119",2021-01-12,45.97,20
"13*N18-1635*Jay Test 1*Cla*2020*2","N18-1635","CLA","Jay Test 1",2020,1,2,13,1089.8,16.1,2,3,25,2.5,"NIR-02120",2021-01-12,44.53,20.31
"24*N18-1635*Jay Test 1*Cla*2020*2","N18-1635","CLA","Jay Test 1",2020,2,2,24,1580.1,15,2,3,40,2,"NIR-02121",2021-01-12,45.57,20.05
"59*N18-1635*Jay Test 1*Cla*2020*2","N18-1635","CLA","Jay Test 1",2020,3,2,59,1589.1,14.7,2,NA,NA,2.5,"NIR-02122",2021-01-12,45.13,20.02
"63*N18-1635*Jay Test 1*Cla*2020*2","N18-1635","CLA","Jay Test 1",2020,4,2,63,1155.4,NA,2,NA,NA,3,"NIR-02123",2021-01-12,44.39,20.68
"5*N18-1641*Jay Test 1*Cla*2020*3","N18-1641","CLA","Jay Test 1",2020,1,3,5,1142.6,14.9,2,3,34,2,"NIR-02124",2021-01-12,44.27,20.96
"27*N18-1641*Jay Test 1*Cla*2020*3","N18-1641","CLA","Jay Test 1",2020,2,3,27,1214.7,15.9,2.5,3.5,37,2.5,"NIR-02125",2021-01-12,44.77,20.54
"49*N18-1641*Jay Test 1*Cla*2020*3","N18-1641","CLA","Jay Test 1",2020,3,3,49,1748.7,14.7,2,NA,NA,2.5,"NIR-02126",2021-01-12,44.43,20.45
"80*N18-1641*Jay Test 1*Cla*2020*3","N18-1641","CLA","Jay Test 1",2020,4,3,80,1633.4,NA,2,NA,NA,2.5,"NIR-02127",2021-01-12,44.92,20.56
"11*N18-1595*Jay Test 1*Cla*2020*4","N18-1595","CLA","Jay Test 1",2020,1,4,11,1768.5,16.1,2,2.5,32,2.5,"NIR-02128",2021-01-12,47.86,18.87
"34*N18-1595*Jay Test 1*Cla*2020*4","N18-1595","CLA","Jay Test 1",2020,2,4,34,1375.5,15.8,2,2.5,40,2,"NIR-02129",2021-01-12,48.45,18.66
"57*N18-1595*Jay Test 1*Cla*2020*4","N18-1595","CLA","Jay Test 1",2020,3,4,57,1461.2,15.5,1.5,NA,NA,3,"NIR-02130",2021-01-12,47.47,19.61
"70*N18-1595*Jay Test 1*Cla*2020*4","N18-1595","CLA","Jay Test 1",2020,4,4,70,1504.2,NA,2,NA,NA,3,"NIR-02131",2021-01-12,48.26,18.51
"20*N18-1604*Jay Test 1*Cla*2020*5","N18-1604","CLA","Jay Test 1",2020,1,5,20,1967.4,15,2,3.5,35,2.5,"NIR-02132",2021-01-12,45.48,20.23
"38*N18-1604*Jay Test 1*Cla*2020*5","N18-1604","CLA","Jay Test 1",2020,2,5,38,1285.8,15.6,2,3.5,30,2.5,"NIR-02133",2021-01-12,43.07,21.47
"43*N18-1604*Jay Test 1*Cla*2020*5","N18-1604","CLA","Jay Test 1",2020,3,5,43,1184.1,14.8,2,NA,NA,3,"NIR-02134",2021-01-12,42.83,20.95
"72*N18-1604*Jay Test 1*Cla*2020*5","N18-1604","CLA","Jay Test 1",2020,4,5,72,1191.9,NA,2,NA,NA,3,"NIR-02135",2021-01-12,45.4,20.81
"16*N18-1632-1*Jay Test 1*Cla*2020*6","N18-1632-1","CLA","Jay Test 1",2020,1,6,16,1465.6,15.4,2,1.5,40,1.5,"NIR-02136",2021-01-12,46.5,20.39
"30*N18-1632-1*Jay Test 1*Cla*2020*6","N18-1632-1","CLA","Jay Test 1",2020,2,6,30,2053.8,15.5,1.5,2,38,1.5,"NIR-02137",2021-01-12,47.77,19.83
"52*N18-1632-1*Jay Test 1*Cla*2020*6","N18-1632-1","CLA","Jay Test 1",2020,3,6,52,1471.7,17.5,2,NA,NA,2,"NIR-02138",2021-01-12,47.86,20.65
"67*N18-1632-1*Jay Test 1*Cla*2020*6","N18-1632-1","CLA","Jay Test 1",2020,4,6,67,1239.9,NA,2,NA,NA,2.5,"NIR-02139",2021-01-12,46.22,20.63
"8*N18-1956*Jay Test 1*Cla*2020*7","N18-1956","CLA","Jay Test 1",2020,1,7,8,1094.5,16.8,2.5,2.5,32,2.5,"NIR-02140",2021-01-12,47.29,18.96
"37*N18-1956*Jay Test 1*Cla*2020*7","N18-1956","CLA","Jay Test 1",2020,2,7,37,958.3,14.9,2.5,2.5,41,2.5,"NIR-02141",2021-01-12,46.21,19.65
"58*N18-1956*Jay Test 1*Cla*2020*7","N18-1956","CLA","Jay Test 1",2020,3,7,58,605,14.2,3,NA,NA,3,"NIR-02142",2021-01-12,47.59,18.53
"78*N18-1956*Jay Test 1*Cla*2020*7","N18-1956","CLA","Jay Test 1",2020,4,7,78,749.1,NA,3,NA,NA,2.5,"NIR-02143",2021-01-12,47.53,18.75
"7*N18-1572*Jay Test 1*Cla*2020*8","N18-1572","CLA","Jay Test 1",2020,1,8,7,1601.3,16.3,1.5,2.5,35,2.5,"NIR-02144",2021-01-12,45.29,20.98
"25*N18-1572*Jay Test 1*Cla*2020*8","N18-1572","CLA","Jay Test 1",2020,2,8,25,1711,16.6,1.5,2,41,2,"NIR-02145",2021-01-12,45.99,21.21
"46*N18-1572*Jay Test 1*Cla*2020*8","N18-1572","CLA","Jay Test 1",2020,3,8,46,1287.7,16.2,2,NA,NA,2,"NIR-02146",2021-01-12,45.34,21.17
"73*N18-1572*Jay Test 1*Cla*2020*8","N18-1572","CLA","Jay Test 1",2020,4,8,73,1060.4,NA,1.5,NA,NA,2,"NIR-02147",2021-01-12,46.92,19.88
"4*N18-1751*Jay Test 1*Cla*2020*9","N18-1751","CLA","Jay Test 1",2020,1,9,4,1733.2,17.1,1.5,2.5,32,2.5,"NIR-02148",2021-01-12,44.95,20.3
"40*N18-1751*Jay Test 1*Cla*2020*9","N18-1751","CLA","Jay Test 1",2020,2,9,40,1614.8,15.5,2,2,32,2,"NIR-02149",2021-01-12,46.52,18.82
"44*N18-1751*Jay Test 1*Cla*2020*9","N18-1751","CLA","Jay Test 1",2020,3,9,44,1415.4,16.9,2,NA,NA,2.5,"NIR-02150",2021-01-12,45.11,20.25
"68*N18-1751*Jay Test 1*Cla*2020*9","N18-1751","CLA","Jay Test 1",2020,4,9,68,1513,NA,2,NA,NA,3,"NIR-02151",2021-01-12,45.31,19.75
"17*N18-1855*Jay Test 1*Cla*2020*10","N18-1855","CLA","Jay Test 1",2020,1,10,17,1510.4,18.1,2.5,2.5,40,2,"NIR-02152",2021-01-12,46.88,20.98
"22*N18-1855*Jay Test 1*Cla*2020*10","N18-1855","CLA","Jay Test 1",2020,2,10,22,1363.8,18.3,2,2,35,2.5,"NIR-02153",2021-01-12,49.13,19.79
"47*N18-1855*Jay Test 1*Cla*2020*10","N18-1855","CLA","Jay Test 1",2020,3,10,47,1317,16.6,2,NA,NA,2.5,"NIR-02154",2021-01-12,46.88,21.19
"62*N18-1855*Jay Test 1*Cla*2020*10","N18-1855","CLA","Jay Test 1",2020,4,10,62,1311.7,NA,2,NA,NA,2.5,"NIR-02155",2021-01-12,47.99,20.52
"1*N18-1620*Jay Test 1*Cla*2020*11","N18-1620","CLA","Jay Test 1",2020,1,11,1,1785.5,14.9,1.5,1.5,33,1.5,"NIR-02156",2021-01-12,42.82,22
"31*N18-1620*Jay Test 1*Cla*2020*11","N18-1620","CLA","Jay Test 1",2020,2,11,31,1653.6,16.6,2,1.5,34,1.5,"NIR-02157",2021-01-12,44.92,20.49
"41*N18-1620*Jay Test 1*Cla*2020*11","N18-1620","CLA","Jay Test 1",2020,3,11,41,1688.7,14.9,2,NA,NA,1.5,"NIR-02158",2021-01-12,44.41,20.9
"61*N18-1620*Jay Test 1*Cla*2020*11","N18-1620","CLA","Jay Test 1",2020,4,11,61,1455.5,NA,1.5,NA,NA,1.5,"NIR-02159",2021-01-12,44.58,21.41
"2*N18-1763*Jay Test 1*Cla*2020*12","N18-1763","CLA","Jay Test 1",2020,1,12,2,1569.6,13.5,1.5,3,37,2.5,"NIR-02160",2021-01-12,48.01,19.46
"32*N18-1763*Jay Test 1*Cla*2020*12","N18-1763","CLA","Jay Test 1",2020,2,12,32,1208.1,14.4,2,3,34,2.5,"NIR-02161",2021-01-12,48.82,18.87
"48*N18-1763*Jay Test 1*Cla*2020*12","N18-1763","CLA","Jay Test 1",2020,3,12,48,1261.5,13.8,1.5,NA,NA,2.5,"NIR-02162",2021-01-12,48.19,18.82
"74*N18-1763*Jay Test 1*Cla*2020*12","N18-1763","CLA","Jay Test 1",2020,4,12,74,1073.2,NA,1.5,NA,NA,3,"NIR-02163",2021-01-12,47.36,19.84
"12*N18-1682*Jay Test 1*Cla*2020*13","N18-1682","CLA","Jay Test 1",2020,1,13,12,1578.6,14.5,2,2.5,36,1.5,"NIR-02164",2021-01-12,44.68,20.65
"26*N18-1682*Jay Test 1*Cla*2020*13","N18-1682","CLA","Jay Test 1",2020,2,13,26,1676.1,14.4,2.5,2,40,2,"NIR-02165",2021-01-12,45.58,20.26
"42*N18-1682*Jay Test 1*Cla*2020*13","N18-1682","CLA","Jay Test 1",2020,3,13,42,1449.5,15.1,1.5,NA,NA,2,"NIR-02166",2021-01-12,45.27,20.94
"75*N18-1682*Jay Test 1*Cla*2020*13","N18-1682","CLA","Jay Test 1",2020,4,13,75,1222.3,NA,1.5,NA,NA,1.5,"NIR-02167",2021-01-12,44.48,21.36
"15*N18-1731*Jay Test 1*Cla*2020*14","N18-1731","CLA","Jay Test 1",2020,1,14,15,1383.1,18.7,1.5,2,42,2.5,"NIR-02168",2021-01-12,45.25,20.89
"21*N18-1731*Jay Test 1*Cla*2020*14","N18-1731","CLA","Jay Test 1",2020,2,14,21,2093.4,18.1,2,3.5,44,2.5,"NIR-02169",2021-01-12,47.55,20.05
"51*N18-1731*Jay Test 1*Cla*2020*14","N18-1731","CLA","Jay Test 1",2020,3,14,51,1811.1,19.6,2,NA,NA,3,"NIR-02170",2021-01-12,47.48,19.8
"77*N18-1731*Jay Test 1*Cla*2020*14","N18-1731","CLA","Jay Test 1",2020,4,14,77,999.4,NA,2.5,NA,NA,2.5,"NIR-02171",2021-01-12,46.68,20.37
"14*N18-1632-2*Jay Test 1*Cla*2020*15","N18-1632-2","CLA","Jay Test 1",2020,1,15,14,1577.9,15.7,2,2.5,37,2.5,"NIR-02172",2021-01-12,46.65,20.34
"36*N18-1632-2*Jay Test 1*Cla*2020*15","N18-1632-2","CLA","Jay Test 1",2020,2,15,36,1459.5,16,1.5,2,41,1.5,"NIR-02173",2021-01-12,47.03,20.1
"45*N18-1632-2*Jay Test 1*Cla*2020*15","N18-1632-2","CLA","Jay Test 1",2020,3,15,45,1687.5,16.4,2,NA,NA,1.5,"NIR-02174",2021-01-12,46.53,20.13
"64*N18-1632-2*Jay Test 1*Cla*2020*15","N18-1632-2","CLA","Jay Test 1",2020,4,15,64,1508.3,NA,1.5,NA,NA,2.5,"NIR-02175",2021-01-12,47.36,20.4
"18*NC-Dunphy*Jay Test 1*Cla*2020*16","NC-Dunphy","CLA","Jay Test 1",2020,1,16,18,1378.5,15.7,2,1.5,28,1.5,"NIR-02176",2021-01-12,42.76,20.68
"28*NC-Dunphy*Jay Test 1*Cla*2020*16","NC-Dunphy","CLA","Jay Test 1",2020,2,16,28,1445.2,15.5,2,1.5,30,1,"NIR-02177",2021-01-12,42.81,20.97
"56*NC-Dunphy*Jay Test 1*Cla*2020*16","NC-Dunphy","CLA","Jay Test 1",2020,3,16,56,1570,16.1,2,NA,NA,1.5,"NIR-02178",2021-01-12,42.37,21.9
"79*NC-Dunphy*Jay Test 1*Cla*2020*16","NC-Dunphy","CLA","Jay Test 1",2020,4,16,79,1315.6,NA,2,NA,NA,2.5,"NIR-02179",2021-01-12,43.62,20.77
"10*NC-Dilday*Jay Test 1*Cla*2020*17","NC-Dilday","CLA","Jay Test 1",2020,1,17,10,1609.2,14.8,2,2,38,2,"NIR-02180",2021-01-12,41,22.68
"29*NC-Dilday*Jay Test 1*Cla*2020*17","NC-Dilday","CLA","Jay Test 1",2020,2,17,29,1798.3,16.4,2,2,34,2,"NIR-02181",2021-01-12,41.31,22.24
"54*NC-Dilday*Jay Test 1*Cla*2020*17","NC-Dilday","CLA","Jay Test 1",2020,3,17,54,1471,16.4,2.5,NA,NA,2.5,"NIR-02182",2021-01-12,41.28,22.45
"69*NC-Dilday*Jay Test 1*Cla*2020*17","NC-Dilday","CLA","Jay Test 1",2020,4,17,69,1601.6,NA,2,NA,NA,2.5,"NIR-02183",2021-01-12,40.56,22.84
"6*NC-Raleigh*Jay Test 1*Cla*2020*18","NC-Raleigh","CLA","Jay Test 1",2020,1,18,6,1195.5,12.1,2.5,4,37,2.5,"NIR-02184",2021-01-12,41.24,22.4
"33*NC-Raleigh*Jay Test 1*Cla*2020*18","NC-Raleigh","CLA","Jay Test 1",2020,2,18,33,1354.8,12,2.5,4,42,2.5,"NIR-02185",2021-01-12,41.72,22.14
"55*NC-Raleigh*Jay Test 1*Cla*2020*18","NC-Raleigh","CLA","Jay Test 1",2020,3,18,55,1420.9,12,2,NA,NA,2.5,"NIR-02186",2021-01-12,41.35,22.61
"65*NC-Raleigh*Jay Test 1*Cla*2020*18","NC-Raleigh","CLA","Jay Test 1",2020,4,18,65,1087.8,NA,2,NA,NA,3,"NIR-02187",2021-01-12,41.53,22.17
"9*LMN09-119*Jay Test 1*Cla*2020*19","LMN09-119","CLA","Jay Test 1",2020,1,19,9,1503.6,19,1.5,2,42,2.5,"NIR-02188",2021-01-12,51.56,17.52
"23*LMN09-119*Jay Test 1*Cla*2020*19","LMN09-119","CLA","Jay Test 1",2020,2,19,23,1410.7,17.7,2,2.5,34,2,"NIR-02189",2021-01-12,50.2,18.55
"60*LMN09-119*Jay Test 1*Cla*2020*19","LMN09-119","CLA","Jay Test 1",2020,3,19,60,1493.1,19.1,2,NA,NA,3,"NIR-02190",2021-01-12,52.65,16.97
"66*LMN09-119*Jay Test 1*Cla*2020*19","LMN09-119","CLA","Jay Test 1",2020,4,19,66,1246.7,NA,1.5,NA,NA,2.5,"NIR-02191",2021-01-12,51.98,17.71
"19*N09-09*Jay Test 1*Cla*2020*20","N09-09","CLA","Jay Test 1",2020,1,20,19,1322.2,14.7,1.5,2,36,1.5,"NIR-02192",2021-01-12,47.39,19.28
"35*N09-09*Jay Test 1*Cla*2020*20","N09-09","CLA","Jay Test 1",2020,2,20,35,1393.5,15.4,1.5,2,41,2,"NIR-02193",2021-01-12,48.05,18.73
"50*N09-09*Jay Test 1*Cla*2020*20","N09-09","CLA","Jay Test 1",2020,3,20,50,1364,15.5,2,NA,NA,2,"NIR-02194",2021-01-12,47.92,18.42
"76*N09-09*Jay Test 1*Cla*2020*20","N09-09","CLA","Jay Test 1",2020,4,20,76,973.4,NA,1.5,NA,NA,2.5,"NIR-02195",2021-01-12,46.3,19.91
"16*N18-1575*Jay Test 2*Cla*2020*1","N18-1575","CLA","Jay Test 2",2020,1,1,16,1330.2,17,1.5,2.5,34,2,"NIR-02196",2021-01-12,47.04,20.78
"27*N18-1575*Jay Test 2*Cla*2020*1","N18-1575","CLA","Jay Test 2",2020,2,1,27,1345.8,18.8,1.5,2,34,1.5,"NIR-02197",2021-01-12,50.09,19.38
"51*N18-1575*Jay Test 2*Cla*2020*1","N18-1575","CLA","Jay Test 2",2020,3,1,51,1482.9,17.5,1.5,2.5,39,2.5,"NIR-02198",2021-01-12,49.49,19.79
"79*N18-1575*Jay Test 2*Cla*2020*1","N18-1575","CLA","Jay Test 2",2020,4,1,79,1029.3,NA,1.5,2,36,2.5,"NIR-02199",2021-01-12,49.99,19.5
"1*N18-1579*Jay Test 2*Cla*2020*2","N18-1579","CLA","Jay Test 2",2020,1,2,1,1684.7,15,1.5,3,38,3,"NIR-02200",2021-01-12,45.24,20.58
"40*N18-1579*Jay Test 2*Cla*2020*2","N18-1579","CLA","Jay Test 2",2020,2,2,40,1610.2,13.6,2,3,41,3,"NIR-02201",2021-01-12,45.14,20.18
"53*N18-1579*Jay Test 2*Cla*2020*2","N18-1579","CLA","Jay Test 2",2020,3,2,53,1527.5,14.8,2,2,40,1.5,"NIR-02202",2021-01-12,44.42,20.57
"72*N18-1579*Jay Test 2*Cla*2020*2","N18-1579","CLA","Jay Test 2",2020,4,2,72,1002.3,NA,1.5,1.5,35,1.5,"NIR-02203",2021-01-12,44.14,20.95
"2*N18-1628*Jay Test 2*Cla*2020*3","N18-1628","CLA","Jay Test 2",2020,1,3,2,1382.2,15,2,4,40,3,"NIR-02204",2021-01-12,50.33,18.66
"34*N18-1628*Jay Test 2*Cla*2020*3","N18-1628","CLA","Jay Test 2",2020,2,3,34,1169.4,14,2.5,3,38,3,"NIR-02205",2021-01-12,50.09,18.73
"43*N18-1628*Jay Test 2*Cla*2020*3","N18-1628","CLA","Jay Test 2",2020,3,3,43,1470.8,14.8,2.5,3.5,42,3,"NIR-02206",2021-01-12,50.66,18.3
"76*N18-1628*Jay Test 2*Cla*2020*3","N18-1628","CLA","Jay Test 2",2020,4,3,76,791.1,NA,2,2.5,35,2.5,"NIR-02207",2021-01-12,49.5,18.45
"20*N18-1615*Jay Test 2*Cla*2020*4","N18-1615","CLA","Jay Test 2",2020,1,4,20,1844.8,17.4,1.5,2.5,40,1.5,"NIR-02208",2021-01-12,45.37,20.75
"36*N18-1615*Jay Test 2*Cla*2020*4","N18-1615","CLA","Jay Test 2",2020,2,4,36,1699.1,16.6,1.5,2,36,1.5,"NIR-02209",2021-01-12,44.3,21.17
"47*N18-1615*Jay Test 2*Cla*2020*4","N18-1615","CLA","Jay Test 2",2020,3,4,47,1532.9,17.2,1.5,1.5,38,1.5,"NIR-02210",2021-01-12,44.69,21.36
"73*N18-1615*Jay Test 2*Cla*2020*4","N18-1615","CLA","Jay Test 2",2020,4,4,73,1400.9,NA,1.5,1,34,1,"NIR-02211",2021-01-12,43.04,21.99
"8*N18-1796*Jay Test 2*Cla*2020*5","N18-1796","CLA","Jay Test 2",2020,1,5,8,1505.2,14.2,1.5,3,38,3,"NIR-02212",2021-01-12,48.08,19.28
"22*N18-1796*Jay Test 2*Cla*2020*5","N18-1796","CLA","Jay Test 2",2020,2,5,22,1668.5,13.4,2,3.5,40,3,"NIR-02213",2021-01-12,49.6,18.83
"44*N18-1796*Jay Test 2*Cla*2020*5","N18-1796","CLA","Jay Test 2",2020,3,5,44,1331.6,14.1,2,2.5,36,2.5,"NIR-02214",2021-01-12,50.11,18.19
"63*N18-1796*Jay Test 2*Cla*2020*5","N18-1796","CLA","Jay Test 2",2020,4,5,63,1458.7,NA,1.5,2.5,37,2,"NIR-02215",2021-01-12,47.53,19.67
"3*N18-1659*Jay Test 2*Cla*2020*6","N18-1659","CLA","Jay Test 2",2020,1,6,3,1767.9,14.7,2,3.5,36,2.5,"NIR-02216",2021-01-12,48.65,19.11
"29*N18-1659*Jay Test 2*Cla*2020*6","N18-1659","CLA","Jay Test 2",2020,2,6,29,1495.4,14.4,2,2,38,2.5,"NIR-02217",2021-01-12,49.94,18.08
"42*N18-1659*Jay Test 2*Cla*2020*6","N18-1659","CLA","Jay Test 2",2020,3,6,42,1442.1,14.9,2,4,36,3,"NIR-02218",2021-01-12,48.8,18.79
"61*N18-1659*Jay Test 2*Cla*2020*6","N18-1659","CLA","Jay Test 2",2020,4,6,61,1241.9,NA,2,2,35,2.5,"NIR-02219",2021-01-12,47.76,19.02
"6*N18-1643*Jay Test 2*Cla*2020*7","N18-1643","CLA","Jay Test 2",2020,1,7,6,1588.5,15.7,2,2,32,2,"NIR-02220",2021-01-12,46.23,20.08
"26*N18-1643*Jay Test 2*Cla*2020*7","N18-1643","CLA","Jay Test 2",2020,2,7,26,1439.7,15.8,2,2,30,1.5,"NIR-02221",2021-01-12,44.37,21.12
"59*N18-1643*Jay Test 2*Cla*2020*7","N18-1643","CLA","Jay Test 2",2020,3,7,59,1607.3,15.6,1.5,2,34,2.5,"NIR-02222",2021-01-12,45.28,20.78
"75*N18-1643*Jay Test 2*Cla*2020*7","N18-1643","CLA","Jay Test 2",2020,4,7,75,747.5,NA,2.5,1,30,1.5,"NIR-02223",2021-01-12,42.13,22.4
"9*N18-1661*Jay Test 2*Cla*2020*8","N18-1661","CLA","Jay Test 2",2020,1,8,9,1770,14.5,2,3.5,40,3,"NIR-02224",2021-01-12,45.13,21.07
"32*N18-1661*Jay Test 2*Cla*2020*8","N18-1661","CLA","Jay Test 2",2020,2,8,32,1604.2,14.4,2,3,40,2.5,"NIR-02225",2021-01-12,45.13,20.92
"41*N18-1661*Jay Test 2*Cla*2020*8","N18-1661","CLA","Jay Test 2",2020,3,8,41,1598.2,14.3,2.5,3.5,42,3,"NIR-02226",2021-01-12,44.58,21.06
"69*N18-1661*Jay Test 2*Cla*2020*8","N18-1661","CLA","Jay Test 2",2020,4,8,69,1224,NA,2.5,3,35,3,"NIR-02227",2021-01-12,44.12,21.66
"14*N18-1761*Jay Test 2*Cla*2020*9","N18-1761","CLA","Jay Test 2",2020,1,9,14,1583.1,15.5,2,1.5,32,1.5,"NIR-02228",2021-01-12,50,18.88
"31*N18-1761*Jay Test 2*Cla*2020*9","N18-1761","CLA","Jay Test 2",2020,2,9,31,1508,16.1,2,2,36,1.5,"NIR-02229",2021-01-12,50.56,18.29
"48*N18-1761*Jay Test 2*Cla*2020*9","N18-1761","CLA","Jay Test 2",2020,3,9,48,1573.9,15.7,2.5,1.5,34,2,"NIR-02230",2021-01-12,50.43,18.28
"70*N18-1761*Jay Test 2*Cla*2020*9","N18-1761","CLA","Jay Test 2",2020,4,9,70,1321.5,NA,2,2,33,1.5,"NIR-02231",2021-01-12,49.57,18.69
"15*N18-1820*Jay Test 2*Cla*2020*10","N18-1820","CLA","Jay Test 2",2020,1,10,15,1401.7,16.2,2,3.5,30,2.5,"NIR-02232",2021-01-12,43.61,21.33
"28*N18-1820*Jay Test 2*Cla*2020*10","N18-1820","CLA","Jay Test 2",2020,2,10,28,1608.3,16.5,2,3,34,2.5,"NIR-02233",2021-01-12,46.51,20.36
"55*N18-1820*Jay Test 2*Cla*2020*10","N18-1820","CLA","Jay Test 2",2020,3,10,55,1584.2,16.7,2,2.5,34,2.5,"NIR-02234",2021-01-12,44.81,21.84
"65*N18-1820*Jay Test 2*Cla*2020*10","N18-1820","CLA","Jay Test 2",2020,4,10,65,1182.8,NA,2,1.5,30,1.5,"NIR-02235",2021-01-12,43.23,22.37
"17*N18-1586*Jay Test 2*Cla*2020*11","N18-1586","CLA","Jay Test 2",2020,1,11,17,1639.9,13.4,1,2.5,33,2.5,"NIR-02236",2021-01-12,47.02,20.17
"21*N18-1586*Jay Test 2*Cla*2020*11","N18-1586","CLA","Jay Test 2",2020,2,11,21,1551.2,14.1,1.5,3,35,2,"NIR-02237",2021-01-12,47.75,20.13
"60*N18-1586*Jay Test 2*Cla*2020*11","N18-1586","CLA","Jay Test 2",2020,3,11,60,1421.6,14.3,2,2.5,34,2.5,"NIR-02238",2021-01-12,47.31,20.28
"68*N18-1586*Jay Test 2*Cla*2020*11","N18-1586","CLA","Jay Test 2",2020,4,11,68,1254.3,NA,2.5,2,32,1.5,"NIR-02239",2021-01-12,46.51,20.25
"19*N18-1577*Jay Test 2*Cla*2020*12","N18-1577","CLA","Jay Test 2",2020,1,12,19,1653.7,15.4,2,3.5,37,2.5,"NIR-02240",2021-01-12,49.61,19.35
"35*N18-1577*Jay Test 2*Cla*2020*12","N18-1577","CLA","Jay Test 2",2020,2,12,35,1299.3,16.5,2,3,36,2.5,"NIR-02241",2021-01-12,50.35,18.11
"45*N18-1577*Jay Test 2*Cla*2020*12","N18-1577","CLA","Jay Test 2",2020,3,12,45,1294.1,14.7,2,3,36,3,"NIR-02242",2021-01-12,49.38,19.07
"78*N18-1577*Jay Test 2*Cla*2020*12","N18-1577","CLA","Jay Test 2",2020,4,12,78,1093.6,NA,1.5,2.5,34,2,"NIR-02243",2021-01-12,49.32,18.97
"4*N18-1627*Jay Test 2*Cla*2020*13","N18-1627","CLA","Jay Test 2",2020,1,13,4,1775.5,20.7,2,2,35,1.5,"NIR-02244",2021-01-12,47.29,20.03
"37*N18-1627*Jay Test 2*Cla*2020*13","N18-1627","CLA","Jay Test 2",2020,2,13,37,1803.8,20.4,2,2,36,1.5,"NIR-02245",2021-01-12,46.94,19.91
"58*N18-1627*Jay Test 2*Cla*2020*13","N18-1627","CLA","Jay Test 2",2020,3,13,58,1804,18.4,1.5,2,36,1.5,"NIR-02246",2021-01-12,45.22,20.71
"80*N18-1627*Jay Test 2*Cla*2020*13","N18-1627","CLA","Jay Test 2",2020,4,13,80,1288.5,NA,1.5,2,34,2,"NIR-02247",2021-01-12,46.61,19.75
"7*N18-1783*Jay Test 2*Cla*2020*14","N18-1783","CLA","Jay Test 2",2020,1,14,7,1699.2,17.3,2,2.5,34,2.5,"NIR-02248",2021-01-12,46.09,21.26
"30*N18-1783*Jay Test 2*Cla*2020*14","N18-1783","CLA","Jay Test 2",2020,2,14,30,1442.4,16.9,2,2.5,38,2,"NIR-02249",2021-01-12,47.96,19.92
"56*N18-1783*Jay Test 2*Cla*2020*14","N18-1783","CLA","Jay Test 2",2020,3,14,56,1029.1,16.4,1.5,2,35,2,"NIR-02250",2021-01-12,44.96,21.28
"62*N18-1783*Jay Test 2*Cla*2020*14","N18-1783","CLA","Jay Test 2",2020,4,14,62,1266.8,NA,1.5,2,38,2,"NIR-02251",2021-01-12,46.83,20.23
"5*N18-1769*Jay Test 2*Cla*2020*15","N18-1769","CLA","Jay Test 2",2020,1,15,5,1566.4,19.3,1.5,2.5,31,1.5,"NIR-02252",2021-01-12,48.83,19.1
"38*N18-1769*Jay Test 2*Cla*2020*15","N18-1769","CLA","Jay Test 2",2020,2,15,38,1364.2,19,2.5,2,30,2.5,"NIR-02253",2021-01-12,49,18.93
"46*N18-1769*Jay Test 2*Cla*2020*15","N18-1769","CLA","Jay Test 2",2020,3,15,46,1401.4,18.5,2,2,30,2.5,"NIR-02254",2021-01-12,48.96,19.11
"66*N18-1769*Jay Test 2*Cla*2020*15","N18-1769","CLA","Jay Test 2",2020,4,15,66,918.9,NA,2,1.5,31,1.5,"NIR-02255",2021-01-12,47.62,20.27
"12*Osage*Jay Test 2*Cla*2020*16","Osage","CLA","Jay Test 2",2020,1,16,12,1257.6,16.6,2.5,1,30,1.5,"NIR-02256",2021-01-12,45.75,21.05
"39*Osage*Jay Test 2*Cla*2020*16","Osage","CLA","Jay Test 2",2020,2,16,39,1714.8,17.3,1.5,1.5,31,1.5,NA,NA,NA,NA
"49*Osage*Jay Test 2*Cla*2020*16","Osage","CLA","Jay Test 2",2020,3,16,49,1649.8,17.3,1.5,1.5,33,1.5,"NIR-02258",2021-01-12,45.27,20.95
"64*Osage*Jay Test 2*Cla*2020*16","Osage","CLA","Jay Test 2",2020,4,16,64,1028.4,NA,2,1.5,28,1,"NIR-02259",2021-01-12,43.93,21.87
"18*Ellis*Jay Test 2*Cla*2020*17","Ellis","CLA","Jay Test 2",2020,1,17,18,1927.3,16.5,2.5,1.5,34,1.5,"NIR-02260",2021-01-12,43.13,20.96
"23*Ellis*Jay Test 2*Cla*2020*17","Ellis","CLA","Jay Test 2",2020,2,17,23,1531.1,16.3,2.5,1.5,32,2,"NIR-02261",2021-01-12,43.19,21.15
"54*Ellis*Jay Test 2*Cla*2020*17","Ellis","CLA","Jay Test 2",2020,3,17,54,1460.4,15.5,2.5,1,31,1.5,"NIR-02262",2021-01-12,43.42,21.19
"67*Ellis*Jay Test 2*Cla*2020*17","Ellis","CLA","Jay Test 2",2020,4,17,67,1064.1,NA,2,1,28,1,"NIR-02263",2021-01-12,41.83,22.4
"10*Dunphy*Jay Test 2*Cla*2020*18","Dunphy","CLA","Jay Test 2",2020,1,18,10,1865.4,17.9,2.5,1.5,30,1.5,"NIR-02264",2021-01-12,42.45,21.18
"25*Dunphy*Jay Test 2*Cla*2020*18","Dunphy","CLA","Jay Test 2",2020,2,18,25,1373.1,18.2,2,1.5,27,1,"NIR-02265",2021-01-12,40.78,22.54
"50*Dunphy*Jay Test 2*Cla*2020*18","Dunphy","CLA","Jay Test 2",2020,3,18,50,1656.8,18.8,2.5,2,36,2,"NIR-02266",2021-01-12,41.56,21.58
"77*Dunphy*Jay Test 2*Cla*2020*18","Dunphy","CLA","Jay Test 2",2020,4,18,77,1039.6,NA,2.5,1.5,28,1.5,"NIR-02267",2021-01-12,42.4,22.16
"13*N09-09*Jay Test 2*Cla*2020*19","N09-09","CLA","Jay Test 2",2020,1,19,13,1554.7,18,2.5,2,38,2.5,"NIR-02268",2021-01-12,46.45,19.56
"33*N09-09*Jay Test 2*Cla*2020*19","N09-09","CLA","Jay Test 2",2020,2,19,33,1516.7,18.3,2,2.5,39,2,"NIR-02269",2021-01-12,48.27,18.43
"57*N09-09*Jay Test 2*Cla*2020*19","N09-09","CLA","Jay Test 2",2020,3,19,57,672.9,18.2,2,2,40,2,"NIR-02270",2021-01-12,46.12,19.74
"71*N09-09*Jay Test 2*Cla*2020*19","N09-09","CLA","Jay Test 2",2020,4,19,71,1297.9,NA,2.5,2,36,2,"NIR-02271",2021-01-12,47.77,18.92
"11*N10-687*Jay Test 2*Cla*2020*20","N10-687","CLA","Jay Test 2",2020,1,20,11,1674.2,16,2,1.5,37,1.5,"NIR-02272",2021-01-12,45.09,19.7
"24*N10-687*Jay Test 2*Cla*2020*20","N10-687","CLA","Jay Test 2",2020,2,20,24,1640.8,14,1.5,1.5,36,1,"NIR-02273",2021-01-12,44.07,19.91
"52*N10-687*Jay Test 2*Cla*2020*20","N10-687","CLA","Jay Test 2",2020,3,20,52,1364.8,14.8,2,1,38,1,"NIR-02274",2021-01-12,45.65,19.56
"74*N10-687*Jay Test 2*Cla*2020*20","N10-687","CLA","Jay Test 2",2020,4,20,74,991.9,NA,1.5,1,33,1,"NIR-02275",2021-01-12,45.04,19.65
"3*N18-1674*Jay Test 1*Cas*2020*1","N18-1674","CAS","Jay Test 1",2020,1,1,3,817.4,18.4,3,4,38,4,NA,NA,NA,NA
"33*N18-1674*Jay Test 1*Cas*2020*1","N18-1674","CAS","Jay Test 1",2020,2,1,33,508.3,16.8,3,4,28,4,NA,NA,NA,NA
"56*N18-1674*Jay Test 1*Cas*2020*1","N18-1674","CAS","Jay Test 1",2020,3,1,56,580.2,16.9,3,3,31,3,NA,NA,NA,NA
"78*N18-1674*Jay Test 1*Cas*2020*1","N18-1674","CAS","Jay Test 1",2020,4,1,78,989.8,NA,NA,3.5,31,4,NA,NA,NA,NA
"4*N18-1635*Jay Test 1*Cas*2020*2","N18-1635","CAS","Jay Test 1",2020,1,2,4,1016.5,16.8,1.5,4,36,4,NA,NA,NA,NA
"40*N18-1635*Jay Test 1*Cas*2020*2","N18-1635","CAS","Jay Test 1",2020,2,2,40,896.8,15.5,1.5,4,41,4,NA,NA,NA,NA
"60*N18-1635*Jay Test 1*Cas*2020*2","N18-1635","CAS","Jay Test 1",2020,3,2,60,722.8,15.8,2,3,35,4,NA,NA,NA,NA
"77*N18-1635*Jay Test 1*Cas*2020*2","N18-1635","CAS","Jay Test 1",2020,4,2,77,1179.4,NA,NA,3.5,46,3.5,NA,NA,NA,NA
"10*N18-1641*Jay Test 1*Cas*2020*3","N18-1641","CAS","Jay Test 1",2020,1,3,10,567,19,1.5,5,36,5,NA,NA,NA,NA
"27*N18-1641*Jay Test 1*Cas*2020*3","N18-1641","CAS","Jay Test 1",2020,2,3,27,555.6,18,1.5,3.5,34,4,NA,NA,NA,NA
"49*N18-1641*Jay Test 1*Cas*2020*3","N18-1641","CAS","Jay Test 1",2020,3,3,49,672.6,18.5,2,4,36,5,NA,NA,NA,NA
"65*N18-1641*Jay Test 1*Cas*2020*3","N18-1641","CAS","Jay Test 1",2020,4,3,65,360.2,NA,NA,4,37,4,NA,NA,NA,NA
"5*N18-1595*Jay Test 1*Cas*2020*4","N18-1595","CAS","Jay Test 1",2020,1,4,5,520.8,19.4,1.5,3.5,31,4,NA,NA,NA,NA
"21*N18-1595*Jay Test 1*Cas*2020*4","N18-1595","CAS","Jay Test 1",2020,2,4,21,493.4,19.6,1.5,4,32,4,NA,NA,NA,NA
"45*N18-1595*Jay Test 1*Cas*2020*4","N18-1595","CAS","Jay Test 1",2020,3,4,45,496.7,18.9,1.5,4,41,4,NA,NA,NA,NA
"64*N18-1595*Jay Test 1*Cas*2020*4","N18-1595","CAS","Jay Test 1",2020,4,4,64,501.7,NA,NA,5,36,5,NA,NA,NA,NA
"1*N18-1604*Jay Test 1*Cas*2020*5","N18-1604","CAS","Jay Test 1",2020,1,5,1,564,18.4,1.5,5,39,5,NA,NA,NA,NA
"30*N18-1604*Jay Test 1*Cas*2020*5","N18-1604","CAS","Jay Test 1",2020,2,5,30,463.9,19.1,1.5,4,37,4,NA,NA,NA,NA
"48*N18-1604*Jay Test 1*Cas*2020*5","N18-1604","CAS","Jay Test 1",2020,3,5,48,379.2,19.6,2,4,36,4,NA,NA,NA,NA
"66*N18-1604*Jay Test 1*Cas*2020*5","N18-1604","CAS","Jay Test 1",2020,4,5,66,421.7,NA,NA,4,36,4,NA,NA,NA,NA
"9*N18-1632-1*Jay Test 1*Cas*2020*6","N18-1632-1","CAS","Jay Test 1",2020,1,6,9,621.2,16.6,2,3.5,33,4,NA,NA,NA,NA
"38*N18-1632-1*Jay Test 1*Cas*2020*6","N18-1632-1","CAS","Jay Test 1",2020,2,6,38,599.9,18.5,2,2.5,31,3,NA,NA,NA,NA
"41*N18-1632-1*Jay Test 1*Cas*2020*6","N18-1632-1","CAS","Jay Test 1",2020,3,6,41,862.4,18.4,2,3.5,36,3.5,NA,NA,NA,NA
"76*N18-1632-1*Jay Test 1*Cas*2020*6","N18-1632-1","CAS","Jay Test 1",2020,4,6,76,566.2,NA,NA,3.5,36,3.5,NA,NA,NA,NA
"19*N18-1956*Jay Test 1*Cas*2020*7","N18-1956","CAS","Jay Test 1",2020,1,7,19,602.8,17,1.5,4,42,4,NA,NA,NA,NA
"39*N18-1956*Jay Test 1*Cas*2020*7","N18-1956","CAS","Jay Test 1",2020,2,7,39,637.3,17.6,1.5,4,42,4,NA,NA,NA,NA
"46*N18-1956*Jay Test 1*Cas*2020*7","N18-1956","CAS","Jay Test 1",2020,3,7,46,587.1,17.2,2,3.5,42,4,NA,NA,NA,NA
"71*N18-1956*Jay Test 1*Cas*2020*7","N18-1956","CAS","Jay Test 1",2020,4,7,71,578.9,NA,NA,4,31,4,NA,NA,NA,NA
"2*N18-1572*Jay Test 1*Cas*2020*8","N18-1572","CAS","Jay Test 1",2020,1,8,2,401.4,19.2,2,4.5,36,5,NA,NA,NA,NA
"25*N18-1572*Jay Test 1*Cas*2020*8","N18-1572","CAS","Jay Test 1",2020,2,8,25,425.5,19.9,3,3,36,4,NA,NA,NA,NA
"43*N18-1572*Jay Test 1*Cas*2020*8","N18-1572","CAS","Jay Test 1",2020,3,8,43,377.6,18.6,3,4,34,4,NA,NA,NA,NA
"70*N18-1572*Jay Test 1*Cas*2020*8","N18-1572","CAS","Jay Test 1",2020,4,8,70,304.5,NA,NA,4,35,4,NA,NA,NA,NA
"11*N18-1751*Jay Test 1*Cas*2020*9","N18-1751","CAS","Jay Test 1",2020,1,9,11,330.4,18.7,3,4,32,4,NA,NA,NA,NA
"23*N18-1751*Jay Test 1*Cas*2020*9","N18-1751","CAS","Jay Test 1",2020,2,9,23,369.6,20.6,3,4,34,4,NA,NA,NA,NA
"50*N18-1751*Jay Test 1*Cas*2020*9","N18-1751","CAS","Jay Test 1",2020,3,9,50,327.4,18.5,3,4,33,5,NA,NA,NA,NA
"75*N18-1751*Jay Test 1*Cas*2020*9","N18-1751","CAS","Jay Test 1",2020,4,9,75,440.3,NA,NA,3.5,31,3.5,NA,NA,NA,NA
"12*N18-1855*Jay Test 1*Cas*2020*10","N18-1855","CAS","Jay Test 1",2020,1,10,12,972.5,19.7,2,3,37,3.5,NA,NA,NA,NA
"31*N18-1855*Jay Test 1*Cas*2020*10","N18-1855","CAS","Jay Test 1",2020,2,10,31,908.4,19.7,2,3.5,37,3.5,NA,NA,NA,NA
"52*N18-1855*Jay Test 1*Cas*2020*10","N18-1855","CAS","Jay Test 1",2020,3,10,52,926.5,20.4,3,3.5,36,3.5,NA,NA,NA,NA
"67*N18-1855*Jay Test 1*Cas*2020*10","N18-1855","CAS","Jay Test 1",2020,4,10,67,1060.1,NA,NA,3,35,3.5,NA,NA,NA,NA
"14*N18-1620*Jay Test 1*Cas*2020*11","N18-1620","CAS","Jay Test 1",2020,1,11,14,568.9,19.2,2,3,36,4,NA,NA,NA,NA
"32*N18-1620*Jay Test 1*Cas*2020*11","N18-1620","CAS","Jay Test 1",2020,2,11,32,695.3,19.7,3,4,35,4,NA,NA,NA,NA
"53*N18-1620*Jay Test 1*Cas*2020*11","N18-1620","CAS","Jay Test 1",2020,3,11,53,255.6,20.3,3,3.5,36,4,NA,NA,NA,NA
"61*N18-1620*Jay Test 1*Cas*2020*11","N18-1620","CAS","Jay Test 1",2020,4,11,61,695.5,NA,NA,3.5,35,3.5,NA,NA,NA,NA
"13*N18-1763*Jay Test 1*Cas*2020*12","N18-1763","CAS","Jay Test 1",2020,1,12,13,374.3,20,2,3,43,4,NA,NA,NA,NA
"37*N18-1763*Jay Test 1*Cas*2020*12","N18-1763","CAS","Jay Test 1",2020,2,12,37,498.9,19.9,3,3.5,32,4,NA,NA,NA,NA
"51*N18-1763*Jay Test 1*Cas*2020*12","N18-1763","CAS","Jay Test 1",2020,3,12,51,684,19,2,3.5,35,4,NA,NA,NA,NA
"72*N18-1763*Jay Test 1*Cas*2020*12","N18-1763","CAS","Jay Test 1",2020,4,12,72,523.6,NA,NA,4,30,4,NA,NA,NA,NA
"16*N18-1682*Jay Test 1*Cas*2020*13","N18-1682","CAS","Jay Test 1",2020,1,13,16,476.4,18.5,2,3,36,4,NA,NA,NA,NA
"22*N18-1682*Jay Test 1*Cas*2020*13","N18-1682","CAS","Jay Test 1",2020,2,13,22,336.7,18.9,2,4,35,4,NA,NA,NA,NA
"57*N18-1682*Jay Test 1*Cas*2020*13","N18-1682","CAS","Jay Test 1",2020,3,13,57,279.2,18.4,3,3.5,33,4,NA,NA,NA,NA
"69*N18-1682*Jay Test 1*Cas*2020*13","N18-1682","CAS","Jay Test 1",2020,4,13,69,364.7,NA,NA,4,36,4,NA,NA,NA,NA
"15*N18-1731*Jay Test 1*Cas*2020*14","N18-1731","CAS","Jay Test 1",2020,1,14,15,634.3,19.7,3.5,3,41,3.5,NA,NA,NA,NA
"29*N18-1731*Jay Test 1*Cas*2020*14","N18-1731","CAS","Jay Test 1",2020,2,14,29,669.4,19.5,3,3.5,41,4,NA,NA,NA,NA
"59*N18-1731*Jay Test 1*Cas*2020*14","N18-1731","CAS","Jay Test 1",2020,3,14,59,697.1,19.4,3,3,38,3,NA,NA,NA,NA
"80*N18-1731*Jay Test 1*Cas*2020*14","N18-1731","CAS","Jay Test 1",2020,4,14,80,662,NA,NA,3.5,40,4,NA,NA,NA,NA
"17*N18-1632-2*Jay Test 1*Cas*2020*15","N18-1632-2","CAS","Jay Test 1",2020,1,15,17,430.3,18,3.5,3,35,4,NA,NA,NA,NA
"36*N18-1632-2*Jay Test 1*Cas*2020*15","N18-1632-2","CAS","Jay Test 1",2020,2,15,36,779.8,17.9,3,3,31,3,NA,NA,NA,NA
"42*N18-1632-2*Jay Test 1*Cas*2020*15","N18-1632-2","CAS","Jay Test 1",2020,3,15,42,688.6,18.5,3,3,33,3.5,NA,NA,NA,NA
"68*N18-1632-2*Jay Test 1*Cas*2020*15","N18-1632-2","CAS","Jay Test 1",2020,4,15,68,644.4,NA,NA,3.5,30,3.5,NA,NA,NA,NA
"18*NC-Dunphy*Jay Test 1*Cas*2020*16","NC-Dunphy","CAS","Jay Test 1",2020,1,16,18,858,17.7,1.5,2.5,29,2.5,NA,NA,NA,NA
"24*NC-Dunphy*Jay Test 1*Cas*2020*16","NC-Dunphy","CAS","Jay Test 1",2020,2,16,24,912.1,18.5,1.5,2.5,31,2.5,NA,NA,NA,NA
"58*NC-Dunphy*Jay Test 1*Cas*2020*16","NC-Dunphy","CAS","Jay Test 1",2020,3,16,58,704.9,17.9,1.5,2.5,30,2,NA,NA,NA,NA
"63*NC-Dunphy*Jay Test 1*Cas*2020*16","NC-Dunphy","CAS","Jay Test 1",2020,4,16,63,834.4,NA,NA,2.5,29,2.5,NA,NA,NA,NA
"20*NC-Dilday*Jay Test 1*Cas*2020*17","NC-Dilday","CAS","Jay Test 1",2020,1,17,20,481.8,18.9,2,4,25,4,NA,NA,NA,NA
"35*NC-Dilday*Jay Test 1*Cas*2020*17","NC-Dilday","CAS","Jay Test 1",2020,2,17,35,455.4,17.6,2.5,2.5,32,2.5,NA,NA,NA,NA
"44*NC-Dilday*Jay Test 1*Cas*2020*17","NC-Dilday","CAS","Jay Test 1",2020,3,17,44,569.8,19,2.5,4,35,4,NA,NA,NA,NA
"74*NC-Dilday*Jay Test 1*Cas*2020*17","NC-Dilday","CAS","Jay Test 1",2020,4,17,74,932.6,NA,NA,3.5,35,3.5,NA,NA,NA,NA
"7*NC-Raleigh*Jay Test 1*Cas*2020*18","NC-Raleigh","CAS","Jay Test 1",2020,1,18,7,1011.2,13.1,1.5,4,37,4,NA,NA,NA,NA
"34*NC-Raleigh*Jay Test 1*Cas*2020*18","NC-Raleigh","CAS","Jay Test 1",2020,2,18,34,611.8,13.8,1.5,4,42,4,NA,NA,NA,NA
"54*NC-Raleigh*Jay Test 1*Cas*2020*18","NC-Raleigh","CAS","Jay Test 1",2020,3,18,54,910.9,13.8,1.5,4,36,4,NA,NA,NA,NA
"62*NC-Raleigh*Jay Test 1*Cas*2020*18","NC-Raleigh","CAS","Jay Test 1",2020,4,18,62,791.6,NA,NA,4,38,4,NA,NA,NA,NA
"8*LMN09-119*Jay Test 1*Cas*2020*19","LMN09-119","CAS","Jay Test 1",2020,1,19,8,517.2,19.4,3,4,41,4,NA,NA,NA,NA
"26*LMN09-119*Jay Test 1*Cas*2020*19","LMN09-119","CAS","Jay Test 1",2020,2,19,26,566.8,20.3,3,3,38,4,NA,NA,NA,NA
"47*LMN09-119*Jay Test 1*Cas*2020*19","LMN09-119","CAS","Jay Test 1",2020,3,19,47,505.8,19.2,3,3.5,35,4,NA,NA,NA,NA
"79*LMN09-119*Jay Test 1*Cas*2020*19","LMN09-119","CAS","Jay Test 1",2020,4,19,79,742.3,NA,NA,3.5,41,3.5,NA,NA,NA,NA
"6*N09-09*Jay Test 1*Cas*2020*20","N09-09","CAS","Jay Test 1",2020,1,20,6,815.3,16.3,1.5,3.5,37,3.5,NA,NA,NA,NA
"28*N09-09*Jay Test 1*Cas*2020*20","N09-09","CAS","Jay Test 1",2020,2,20,28,771.7,16.8,1.5,3.5,34,3.5,NA,NA,NA,NA
"55*N09-09*Jay Test 1*Cas*2020*20","N09-09","CAS","Jay Test 1",2020,3,20,55,595.7,18.3,1.5,3.5,37,3.5,NA,NA,NA,NA
"73*N09-09*Jay Test 1*Cas*2020*20","N09-09","CAS","Jay Test 1",2020,4,20,73,898.3,NA,NA,4,37,4,NA,NA,NA,NA
"1*N18-1575*Jay Test 2*Cas*2020*1","N18-1575","CAS","Jay Test 2",2020,1,1,1,1006.1,19.4,3,3.5,31,3.5,"NIR-00946",2021-01-12,49.31,19.46
"38*N18-1575*Jay Test 2*Cas*2020*1","N18-1575","CAS","Jay Test 2",2020,2,1,38,951.3,19.7,2,2,32,2.5,"NIR-00947",2021-01-12,50.81,18.95
"54*N18-1575*Jay Test 2*Cas*2020*1","N18-1575","CAS","Jay Test 2",2020,3,1,54,939.3,19.7,3,3.5,35,3.5,"NIR-00948",2021-01-12,49.34,19.65
"76*N18-1575*Jay Test 2*Cas*2020*1","N18-1575","CAS","Jay Test 2",2020,4,1,76,989.7,NA,NA,3.5,35,3.5,NA,NA,NA,NA
"9*N18-1579*Jay Test 2*Cas*2020*2","N18-1579","CAS","Jay Test 2",2020,1,2,9,828,18,1.5,4,35,4,"NIR-00949",2021-01-12,44.18,21.65
"24*N18-1579*Jay Test 2*Cas*2020*2","N18-1579","CAS","Jay Test 2",2020,2,2,24,1064.8,18.2,1.5,3,41,3,"NIR-00950",2021-01-12,44.25,21.57
"45*N18-1579*Jay Test 2*Cas*2020*2","N18-1579","CAS","Jay Test 2",2020,3,2,45,1101.6,17.8,2,3,36,3.5,"NIR-00951",2021-01-12,45.3,20.4
"68*N18-1579*Jay Test 2*Cas*2020*2","N18-1579","CAS","Jay Test 2",2020,4,2,68,641,NA,NA,4,35,4,NA,NA,NA,NA
"14*N18-1628*Jay Test 2*Cas*2020*3","N18-1628","CAS","Jay Test 2",2020,1,3,14,970.2,16.2,3,3,33,4,"NIR-00952",2021-01-12,50.19,18.49
"23*N18-1628*Jay Test 2*Cas*2020*3","N18-1628","CAS","Jay Test 2",2020,2,3,23,704.7,15.9,3,3,37,3.5,"NIR-00953",2021-01-12,50.13,18.69
"58*N18-1628*Jay Test 2*Cas*2020*3","N18-1628","CAS","Jay Test 2",2020,3,3,58,706.9,15.7,3,3.5,32,4,"NIR-00954",2021-01-12,50.15,19.44
"74*N18-1628*Jay Test 2*Cas*2020*3","N18-1628","CAS","Jay Test 2",2020,4,3,74,1025.2,NA,NA,4,35,4,NA,NA,NA,NA
"16*N18-1615*Jay Test 2*Cas*2020*4","N18-1615","CAS","Jay Test 2",2020,1,4,16,878.6,16.7,2,3.5,38,4,"NIR-00955",2021-01-12,44.11,21.37
"40*N18-1615*Jay Test 2*Cas*2020*4","N18-1615","CAS","Jay Test 2",2020,2,4,40,926.8,18.6,2,3,32,3.5,"NIR-00956",2021-01-12,44.66,20.88
"59*N18-1615*Jay Test 2*Cas*2020*4","N18-1615","CAS","Jay Test 2",2020,3,4,59,964.5,18,3,3,40,2.5,"NIR-00957",2021-01-12,44.42,21.1
"77*N18-1615*Jay Test 2*Cas*2020*4","N18-1615","CAS","Jay Test 2",2020,4,4,77,1223.5,NA,NA,3.5,36,3.5,NA,NA,NA,NA
"10*N18-1796*Jay Test 2*Cas*2020*5","N18-1796","CAS","Jay Test 2",2020,1,5,10,1024.4,16.6,1.5,3.5,37,3.5,"NIR-00958",2021-01-12,49.58,18.9
"34*N18-1796*Jay Test 2*Cas*2020*5","N18-1796","CAS","Jay Test 2",2020,2,5,34,930.5,15.3,1.5,2.5,35,3,"NIR-00959",2021-01-12,49.36,19.52
"47*N18-1796*Jay Test 2*Cas*2020*5","N18-1796","CAS","Jay Test 2",2020,3,5,47,1036.8,16.6,1.5,3,36,3.5,"NIR-00960",2021-01-12,48.71,19.52
"70*N18-1796*Jay Test 2*Cas*2020*5","N18-1796","CAS","Jay Test 2",2020,4,5,70,750.1,NA,NA,4,33,4,NA,NA,NA,NA
"2*N18-1659*Jay Test 2*Cas*2020*6","N18-1659","CAS","Jay Test 2",2020,1,6,2,849.6,15.4,2,4,36,4,"NIR-00961",2021-01-12,48.4,19.5
"29*N18-1659*Jay Test 2*Cas*2020*6","N18-1659","CAS","Jay Test 2",2020,2,6,29,627.2,15.9,3,4,36,4,"NIR-00962",2021-01-12,48.95,19.9
"41*N18-1659*Jay Test 2*Cas*2020*6","N18-1659","CAS","Jay Test 2",2020,3,6,41,639.9,14.8,1.5,3,35,4,"NIR-00963",2021-01-12,48.94,18.89
"66*N18-1659*Jay Test 2*Cas*2020*6","N18-1659","CAS","Jay Test 2",2020,4,6,66,663.6,NA,NA,4,34,4,NA,NA,NA,NA
"7*N18-1643*Jay Test 2*Cas*2020*7","N18-1643","CAS","Jay Test 2",2020,1,7,7,1014.7,17.6,2,3,38,3.5,"NIR-00964",2021-01-12,44.87,20.71
"22*N18-1643*Jay Test 2*Cas*2020*7","N18-1643","CAS","Jay Test 2",2020,2,7,22,794.2,18.7,2,3,32,3,"NIR-00965",2021-01-12,46.64,19.61
"49*N18-1643*Jay Test 2*Cas*2020*7","N18-1643","CAS","Jay Test 2",2020,3,7,49,665,18.7,2,3,31,4,"NIR-00966",2021-01-12,45.47,20.52
"80*N18-1643*Jay Test 2*Cas*2020*7","N18-1643","CAS","Jay Test 2",2020,4,7,80,657.3,NA,NA,3,36,3.5,NA,NA,NA,NA
"19*N18-1661*Jay Test 2*Cas*2020*8","N18-1661","CAS","Jay Test 2",2020,1,8,19,856.3,16.4,1.5,4,35,4,"NIR-00967",2021-01-12,43.86,21.69
"37*N18-1661*Jay Test 2*Cas*2020*8","N18-1661","CAS","Jay Test 2",2020,2,8,37,1134.2,15.4,1.5,3,37,3.5,"NIR-00968",2021-01-12,44.32,21.48
"57*N18-1661*Jay Test 2*Cas*2020*8","N18-1661","CAS","Jay Test 2",2020,3,8,57,1048.5,16.7,1.5,4,38,4,"NIR-00969",2021-01-12,44.18,20.97
"65*N18-1661*Jay Test 2*Cas*2020*8","N18-1661","CAS","Jay Test 2",2020,4,8,65,686.3,NA,NA,5,42,5,NA,NA,NA,NA
"17*N18-1761*Jay Test 2*Cas*2020*9","N18-1761","CAS","Jay Test 2",2020,1,9,17,779,20.1,2,2.5,32,3,"NIR-00970",2021-01-12,48.9,17.79
"28*N18-1761*Jay Test 2*Cas*2020*9","N18-1761","CAS","Jay Test 2",2020,2,9,28,805.1,19.5,2,2,29,2.5,"NIR-00971",2021-01-12,49.7,18.77
"55*N18-1761*Jay Test 2*Cas*2020*9","N18-1761","CAS","Jay Test 2",2020,3,9,55,955.6,19.6,2,2.5,32,3.5,"NIR-00972",2021-01-12,48.98,19.87
"72*N18-1761*Jay Test 2*Cas*2020*9","N18-1761","CAS","Jay Test 2",2020,4,9,72,946.4,NA,NA,2.5,36,3.5,NA,NA,NA,NA
"15*N18-1820*Jay Test 2*Cas*2020*10","N18-1820","CAS","Jay Test 2",2020,1,10,15,359.2,18.5,2,4,31,4,"NIR-00973",2021-01-12,43.86,20.95
"21*N18-1820*Jay Test 2*Cas*2020*10","N18-1820","CAS","Jay Test 2",2020,2,10,21,276.5,19.8,2.5,3.5,30,3.5,"NIR-00974",2021-01-12,45.41,19.5
"52*N18-1820*Jay Test 2*Cas*2020*10","N18-1820","CAS","Jay Test 2",2020,3,10,52,470.2,19.4,2.5,4,33,4,"NIR-00975",2021-01-12,45.21,20.1
"61*N18-1820*Jay Test 2*Cas*2020*10","N18-1820","CAS","Jay Test 2",2020,4,10,61,370.2,NA,NA,5,35,5,NA,NA,NA,NA
"11*N18-1586*Jay Test 2*Cas*2020*11","N18-1586","CAS","Jay Test 2",2020,1,11,11,1104.2,16.3,1.5,3.5,31,3.5,"NIR-00976",2021-01-12,46.97,20.8
"30*N18-1586*Jay Test 2*Cas*2020*11","N18-1586","CAS","Jay Test 2",2020,2,11,30,768.9,16,1.5,3.5,32,3.5,NA,NA,NA,NA
"56*N18-1586*Jay Test 2*Cas*2020*11","N18-1586","CAS","Jay Test 2",2020,3,11,56,939.8,16.5,1.5,4,33,4,"NIR-00978",2021-01-12,47.19,20.23
"73*N18-1586*Jay Test 2*Cas*2020*11","N18-1586","CAS","Jay Test 2",2020,4,11,73,934.7,NA,NA,4,34,4,NA,NA,NA,NA
"4*N18-1577*Jay Test 2*Cas*2020*12","N18-1577","CAS","Jay Test 2",2020,1,12,4,730.4,16.8,2.5,3.5,38,4,"NIR-00979",2021-01-12,49.75,17.09
"25*N18-1577*Jay Test 2*Cas*2020*12","N18-1577","CAS","Jay Test 2",2020,2,12,25,820.2,17.4,2,3.5,37,3.5,"NIR-00980",2021-01-12,50.63,18.59
"44*N18-1577*Jay Test 2*Cas*2020*12","N18-1577","CAS","Jay Test 2",2020,3,12,44,930.6,17.4,2,3.5,36,3.5,"NIR-00981",2021-01-12,49.07,18.84
"78*N18-1577*Jay Test 2*Cas*2020*12","N18-1577","CAS","Jay Test 2",2020,4,12,78,715.6,NA,NA,3.5,32,4,NA,NA,NA,NA
"3*N18-1627*Jay Test 2*Cas*2020*13","N18-1627","CAS","Jay Test 2",2020,1,13,3,788.4,19.3,2.5,3,34,3,"NIR-00982",2021-01-12,46.81,19.56
"33*N18-1627*Jay Test 2*Cas*2020*13","N18-1627","CAS","Jay Test 2",2020,2,13,33,951.8,20.2,2.5,2,31,2.5,"NIR-00983",2021-01-12,46.86,20.22
"53*N18-1627*Jay Test 2*Cas*2020*13","N18-1627","CAS","Jay Test 2",2020,3,13,53,617.9,19.6,3,3,33,3.5,"NIR-00984",2021-01-12,46.5,18.88
"62*N18-1627*Jay Test 2*Cas*2020*13","N18-1627","CAS","Jay Test 2",2020,4,13,62,920.9,NA,NA,3.5,35,3.5,NA,NA,NA,NA
"12*N18-1783*Jay Test 2*Cas*2020*14","N18-1783","CAS","Jay Test 2",2020,1,14,12,939.3,17.7,3,3.5,36,3.5,"NIR-00985",2021-01-12,47.96,19.71
"39*N18-1783*Jay Test 2*Cas*2020*14","N18-1783","CAS","Jay Test 2",2020,2,14,39,671.8,18,2,2.5,34,3,"NIR-00986",2021-01-12,48.04,19.19
"46*N18-1783*Jay Test 2*Cas*2020*14","N18-1783","CAS","Jay Test 2",2020,3,14,46,780.5,18.2,2,3,35,3.5,"NIR-00987",2021-01-12,47.4,20.31
"64*N18-1783*Jay Test 2*Cas*2020*14","N18-1783","CAS","Jay Test 2",2020,4,14,64,844.4,NA,NA,3.5,36,3.5,NA,NA,NA,NA
"8*N18-1769*Jay Test 2*Cas*2020*15","N18-1769","CAS","Jay Test 2",2020,1,15,8,573.9,18.3,3,3,30,3.5,"NIR-00988",2021-01-12,49.27,18.26
"31*N18-1769*Jay Test 2*Cas*2020*15","N18-1769","CAS","Jay Test 2",2020,2,15,31,458.9,20.4,3,3,32,3.5,"NIR-00989",2021-01-12,50.34,16.63
"48*N18-1769*Jay Test 2*Cas*2020*15","N18-1769","CAS","Jay Test 2",2020,3,15,48,503.9,18.8,2,2.5,30,3.5,"NIR-00990",2021-01-12,48.93,17.95
"71*N18-1769*Jay Test 2*Cas*2020*15","N18-1769","CAS","Jay Test 2",2020,4,15,71,691.7,NA,NA,3,33,3.5,NA,NA,NA,NA
"6*Osage*Jay Test 2*Cas*2020*16","Osage","CAS","Jay Test 2",2020,1,16,6,723.3,15.1,3,2.5,30,3,"NIR-00991",2021-01-12,45.82,20.17
"36*Osage*Jay Test 2*Cas*2020*16","Osage","CAS","Jay Test 2",2020,2,16,36,965.8,15.5,2,2,28,2,"NIR-00992",2021-01-12,46.31,20.46
"60*Osage*Jay Test 2*Cas*2020*16","Osage","CAS","Jay Test 2",2020,3,16,60,464.7,15.6,2,3.5,32,3.5,"NIR-00993",2021-01-12,45.3,20.12
"79*Osage*Jay Test 2*Cas*2020*16","Osage","CAS","Jay Test 2",2020,4,16,79,893.4,NA,NA,2.5,31,3,NA,NA,NA,NA
"13*Ellis*Jay Test 2*Cas*2020*17","Ellis","CAS","Jay Test 2",2020,1,17,13,729.3,14.7,2,2.5,29,3,"NIR-00994",2021-01-12,43.3,19.84
"35*Ellis*Jay Test 2*Cas*2020*17","Ellis","CAS","Jay Test 2",2020,2,17,35,1055.6,14.9,1.5,1.5,30,1.5,"NIR-00995",2021-01-12,42.61,21.44
"42*Ellis*Jay Test 2*Cas*2020*17","Ellis","CAS","Jay Test 2",2020,3,17,42,414.2,13.7,2,2.5,31,3,"NIR-00996",2021-01-12,43.93,18.23
"69*Ellis*Jay Test 2*Cas*2020*17","Ellis","CAS","Jay Test 2",2020,4,17,69,373.8,NA,NA,2.5,35,3,NA,NA,NA,NA
"5*Dunphy*Jay Test 2*Cas*2020*18","Dunphy","CAS","Jay Test 2",2020,1,18,5,868.1,17,2,2,30,2.5,"NIR-00997",2021-01-12,42.99,20.79
"27*Dunphy*Jay Test 2*Cas*2020*18","Dunphy","CAS","Jay Test 2",2020,2,18,27,1040.8,18.8,2,1.5,27,2,"NIR-00998",2021-01-12,42.63,21.58
"50*Dunphy*Jay Test 2*Cas*2020*18","Dunphy","CAS","Jay Test 2",2020,3,18,50,744.7,18.6,2.5,2,30,2.5,"NIR-00999",2021-01-12,43.92,19.95
"63*Dunphy*Jay Test 2*Cas*2020*18","Dunphy","CAS","Jay Test 2",2020,4,18,63,1028.2,NA,NA,3,29,3.5,NA,NA,NA,NA
"18*N09-09*Jay Test 2*Cas*2020*19","N09-09","CAS","Jay Test 2",2020,1,19,18,890.9,15.8,1.5,3,36,3.5,"NIR-01000",2021-01-12,45.86,19.63
"26*N09-09*Jay Test 2*Cas*2020*19","N09-09","CAS","Jay Test 2",2020,2,19,26,1091.3,16.4,1,2.5,37,2.5,"NIR-01001",2021-01-12,46.31,19.93
"43*N09-09*Jay Test 2*Cas*2020*19","N09-09","CAS","Jay Test 2",2020,3,19,43,862.8,16.8,1.5,3.5,41,3.5,"NIR-01002",2021-01-12,47.74,19.48
"75*N09-09*Jay Test 2*Cas*2020*19","N09-09","CAS","Jay Test 2",2020,4,19,75,951.6,NA,NA,4,36,4,NA,NA,NA,NA
"20*N10-687*Jay Test 2*Cas*2020*20","N10-687","CAS","Jay Test 2",2020,1,20,20,1364.4,11.7,1,1.5,31,2,"NIR-01003",2021-01-12,43.14,20.34
"32*N10-687*Jay Test 2*Cas*2020*20","N10-687","CAS","Jay Test 2",2020,2,20,32,1032.2,14,1,1.5,35,1.5,"NIR-01004",2021-01-12,44.56,20.55
"51*N10-687*Jay Test 2*Cas*2020*20","N10-687","CAS","Jay Test 2",2020,3,20,51,1085.2,12.6,1,2.5,34,3,"NIR-01005",2021-01-12,44.6,20.22
"67*N10-687*Jay Test 2*Cas*2020*20","N10-687","CAS","Jay Test 2",2020,4,20,67,1214.3,NA,NA,3,33,2.5,NA,NA,NA,NA
